Y,DATETIME,TOTAL_DL
2015,2015/1/1,77582045.48
2015,2015/1/2,64616181.98
2015,2015/1/3,69255859.03
2015,2015/1/4,75443414.3
2015,2015/1/5,77484576.85
2015,2015/1/6,78281436.47
2015,2015/1/7,80186607.78
2015,2015/1/8,82032475.98
2015,2015/1/9,82388839.3
2015,2015/1/10,81940628.28
2015,2015/1/11,80011616.63
2015,2015/1/12,76889329.84
2015,2015/1/13,81173116.48
2015,2015/1/14,81698373.71
2015,2015/1/15,81544902.23
2015,2015/1/16,81769938.9
2015,2015/1/17,80318598.85
2015,2015/1/18,80332839.41
2015,2015/1/19,77225289.02
2015,2015/1/20,79916495.16
2015,2015/1/21,79531700.14
2015,2015/1/22,78326751.05
2015,2015/1/23,80119659.42
2015,2015/1/24,80568434.27
2015,2015/1/25,78309431.7
2015,2015/1/26,74722930.82
2015,2015/1/27,77506423.26
2015,2015/1/28,78004757.49
2015,2015/1/29,79335768.84
2015,2015/1/30,78257746.46
2015,2015/1/31,78589853.08
2015,2015/2/1,75323286.15
2015,2015/2/2,71395005.88
2015,2015/2/3,73162003.71
2015,2015/2/4,71215529.06
2015,2015/2/5,68008934.44
2015,2015/2/6,64575362.75
2015,2015/2/7,60364504.11
2015,2015/2/8,54215469.62
2015,2015/2/9,48410494.7
2015,2015/2/10,47006782.4
2015,2015/2/11,41907225.71
2015,2015/2/12,36694889.24
2015,2015/2/13,32882304.16
2015,2015/2/14,29544198.99
2015,2015/2/15,25239683.42
2015,2015/2/16,21406957.53
2015,2015/2/17,19100182.5
2015,2015/2/18,17219010.73
2015,2015/2/19,15190790.37
2015,2015/2/20,14702808.06
2015,2015/2/21,15058010.43
2015,2015/2/22,15527436.64
2015,2015/2/23,16119256.9
2015,2015/2/24,17126489.77
2015,2015/2/25,17955754.36
2015,2015/2/26,20127419.67
2015,2015/2/27,24122383.01
2015,2015/2/28,28788265.85
2015,2015/3/1,32651564.51
2015,2015/3/2,36070316.09
2015,2015/3/3,42988667.08
2015,2015/3/4,49192198.82
2015,2015/3/5,55042309.61
2015,2015/3/6,59565378.07
2015,2015/3/7,63722045.84
2015,2015/3/8,64740898.69
2015,2015/3/9,65381002.47
2015,2015/3/10,70246984.86
2015,2015/3/11,73254615.91
2015,2015/3/12,74908514.36
2015,2015/3/13,75402277.3
2015,2015/3/14,76187403.64
2015,2015/3/15,77403940.5
2015,2015/3/16,75844189.22
2015,2015/3/17,78880239.19
2015,2015/3/18,79615874.9
2015,2015/3/19,79992712.22
2015,2015/3/20,81286995.68
2015,2015/3/21,82706644.81
2015,2015/3/22,81941217.51
2015,2015/3/23,79656820.69
2015,2015/3/24,82901662.85
2015,2015/3/25,83848459.39
2015,2015/3/26,84360346.73
2015,2015/3/27,84770493.58
2015,2015/3/28,85010979.26
2015,2015/3/29,82811249.51
2015,2015/3/30,79599289.82
2015,2015/3/31,83030743.15
2015,2015/4/1,82960449.15
2015,2015/4/2,83949727.42
2015,2015/4/3,85609136.1
2015,2015/4/4,84300699.76
2015,2015/4/5,81201276.68
2015,2015/4/6,74567495.48
2015,2015/4/7,81873604.69
2015,2015/4/8,86461675.43
2015,2015/4/9,87043605.61
2015,2015/4/10,87299983.55
2015,2015/4/11,87444079.07
2015,2015/4/12,86246409.25
2015,2015/4/13,83134321.15
2015,2015/4/14,86479360.92
2015,2015/4/15,87609139.16
2015,2015/4/16,86368550.75
2015,2015/4/17,86224451.46
2015,2015/4/18,87000441.83
2015,2015/4/19,86399009.25
2015,2015/4/20,82719728.48
2015,2015/4/21,85220246.6
2015,2015/4/22,85806094.43
2015,2015/4/23,86031514.41
2015,2015/4/24,85600629.94
2015,2015/4/25,85981438.3
2015,2015/4/26,85545581.72
2015,2015/4/27,82714002.21
2015,2015/4/28,85589559.79
2015,2015/4/29,86073797.26
2015,2015/4/30,86160326.16
2015,2015/5/1,84082928.1
2015,2015/5/2,66380991.13
2015,2015/5/3,70051210.24
2015,2015/5/4,78492452.66
2015,2015/5/5,84444766.07
2015,2015/5/6,85538242.4
2015,2015/5/7,86130725.3
2015,2015/5/8,86006438.94
2015,2015/5/9,86764071.67
2015,2015/5/10,85803612.24
2015,2015/5/11,82566413.61
2015,2015/5/12,84339095.22
2015,2015/5/13,85284754.95
2015,2015/5/14,87495494.28
2015,2015/5/15,85609492.88
2015,2015/5/16,86637916.12
2015,2015/5/17,83802938.14
2015,2015/5/18,81391788.53
2015,2015/5/19,85315904.11
2015,2015/5/20,86326673.01
2015,2015/5/21,85240705.8
2015,2015/5/22,84946131.45
2015,2015/5/23,85394780.37
2015,2015/5/24,83804016.31
2015,2015/5/25,80397204.81
2015,2015/5/26,84347214.62
2015,2015/5/27,84422223.37
2015,2015/5/28,84351822.6
2015,2015/5/29,84994083.28
2015,2015/5/30,85280530.9
2015,2015/5/31,82501630.85
2015,2015/6/1,78657920.14
2015,2015/6/2,82359487.25
2015,2015/6/3,85422449.71
2015,2015/6/4,83119913.35
2015,2015/6/5,82058241.7
2015,2015/6/6,83015106.38
2015,2015/6/7,83656682.23
2015,2015/6/8,79743682.97
2015,2015/6/9,82028212.23
2015,2015/6/10,82162097.58
2015,2015/6/11,82054596.41
2015,2015/6/12,83364144.48
2015,2015/6/13,84819759.19
2015,2015/6/14,83111817.07
2015,2015/6/15,78643872.16
2015,2015/6/16,83364159.81
2015,2015/6/17,85022400.75
2015,2015/6/18,85196086.94
2015,2015/6/19,82266799.98
2015,2015/6/20,81960476.29
2015,2015/6/21,62432655.3
2015,2015/6/22,66795581.93
2015,2015/6/23,76880983.01
2015,2015/6/24,82786160.58
2015,2015/6/25,85298241.3
2015,2015/6/26,86739210.12
2015,2015/6/27,86920659.11
2015,2015/6/28,85391303.86
2015,2015/6/29,79792408.94
2015,2015/6/30,84005816.11
2015,2015/7/1,85775355.33
2015,2015/7/2,80940868.83
2015,2015/7/3,81664831.27
2015,2015/7/4,81683466.21
2015,2015/7/5,79902790.82
2015,2015/7/6,74265641.55
2015,2015/7/7,77507255.29
2015,2015/7/8,77898995.64
2015,2015/7/9,78127223.44
2015,2015/7/10,80051458.65
2015,2015/7/11,75820562.81
2015,2015/7/12,60267213.09
2015,2015/7/13,67710218.56
2015,2015/7/14,81361573.23
2015,2015/7/15,84362602
2015,2015/7/16,85453312.05
2015,2015/7/17,85272992.97
2015,2015/7/18,85884348.57
2015,2015/7/19,83988425.94
2015,2015/7/20,79389596.8
2015,2015/7/21,84208006
2015,2015/7/22,83685079.29
2015,2015/7/23,85471918.48
2015,2015/7/24,85292708.45
2015,2015/7/25,86362545.79
2015,2015/7/26,84859269.54
2015,2015/7/27,80858413.33
2015,2015/7/28,86731784.66
2015,2015/7/29,87852052.62
2015,2015/7/30,86806881.6
2015,2015/7/31,85366014.27
2015,2015/8/1,85918281.9
2015,2015/8/2,84145462.4
2015,2015/8/3,80728435.52
2015,2015/8/4,87354316.23
2015,2015/8/5,88171068.54
2015,2015/8/6,88157053.81
2015,2015/8/7,87392434.77
2015,2015/8/8,86833266.46
2015,2015/8/9,84105916.03
2015,2015/8/10,78759662.36
2015,2015/8/11,82189983.86
2015,2015/8/12,83005809.38
2015,2015/8/13,84491920.28
2015,2015/8/14,84432894.62
2015,2015/8/15,84468726.48
2015,2015/8/16,83590888.62
2015,2015/8/17,79135578.25
2015,2015/8/18,83914456.82
2015,2015/8/19,85500603.46
2015,2015/8/20,86841674.52
2015,2015/8/21,86512489.83
2015,2015/8/22,84297323.52
2015,2015/8/23,82279396.5
2015,2015/8/24,77551389.03
2015,2015/8/25,80395328.06
2015,2015/8/26,82069609.95
2015,2015/8/27,82637875.13
2015,2015/8/28,84253748.66
2015,2015/8/29,85004232.96
2015,2015/8/30,83136057.25
2015,2015/8/31,80351711.77
2015,2015/9/1,83036727.88
2015,2015/9/2,85223064.88
2015,2015/9/3,86129859.98
2015,2015/9/4,71718286.3
2015,2015/9/5,77821990.71
2015,2015/9/6,82917356.83
2015,2015/9/7,83980295.64
2015,2015/9/8,85597730.17
2015,2015/9/9,86535833.37
2015,2015/9/10,86041586.69
2015,2015/9/11,85549462.98
2015,2015/9/12,85899053.2
2015,2015/9/13,83742856.65
2015,2015/9/14,80095340.94
2015,2015/9/15,82462306.28
2015,2015/9/16,82487510.63
2015,2015/9/17,83331817.79
2015,2015/9/18,84127781
2015,2015/9/19,84798151.46
2015,2015/9/20,82654822.81
2015,2015/9/21,79469546.28
2015,2015/9/22,82529112.36
2015,2015/9/23,82919648.67
2015,2015/9/24,82591892.3
2015,2015/9/25,83821143.37
2015,2015/9/26,83819566.85
2015,2015/9/27,81233094.18
2015,2015/9/28,68117014.45
2015,2015/9/29,76090743.03
2015,2015/9/30,80467510.32
2015,2015/10/1,79811713.28
2015,2015/10/2,56032169.76
2015,2015/10/3,53296745.13
2015,2015/10/4,61504145.71
2015,2015/10/5,69848283.2
2015,2015/10/6,74842741.31
2015,2015/10/7,77709710.84
2015,2015/10/8,78754487.6
2015,2015/10/9,79733752.3
2015,2015/10/10,80071907.19
2015,2015/10/11,80099912.56
2015,2015/10/12,77348936.93
2015,2015/10/13,80191602.7
2015,2015/10/14,81391610.21
2015,2015/10/15,81671602.96
2015,2015/10/16,82421335.85
2015,2015/10/17,82312053.25
2015,2015/10/18,81059886.99
2015,2015/10/19,77746690.5
2015,2015/10/20,81012650.65
2015,2015/10/21,81734859.39
2015,2015/10/22,82216379.02
2015,2015/10/23,82091348.59
2015,2015/10/24,82436951.18
2015,2015/10/25,81139972
2015,2015/10/26,77506458.87
2015,2015/10/27,80922076.87
2015,2015/10/28,81406957.64
2015,2015/10/29,81256401.61
2015,2015/10/30,81695815.31
2015,2015/10/31,81892352.13
2015,2015/11/1,79394202.44
2015,2015/11/2,75929415.85
2015,2015/11/3,79624206.35
2015,2015/11/4,81241493.3
2015,2015/11/5,81770127.64
2015,2015/11/6,81614916.99
2015,2015/11/7,82840215.97
2015,2015/11/8,81691833.58
2015,2015/11/9,77389563.99
2015,2015/11/10,81366293.05
2015,2015/11/11,81821619.4
2015,2015/11/12,81767660
2015,2015/11/13,82039834.14
2015,2015/11/14,81792124.05
2015,2015/11/15,79969103.8
2015,2015/11/16,76173994.09
2015,2015/11/17,79036438.71
2015,2015/11/18,80716637.27
2015,2015/11/19,80999805.79
2015,2015/11/20,80959751.83
2015,2015/11/21,80935516.26
2015,2015/11/22,79403024.27
2015,2015/11/23,75404667.2
2015,2015/11/24,78830531.02
2015,2015/11/25,79110922.97
2015,2015/11/26,80020525.23
2015,2015/11/27,80570183.45
2015,2015/11/28,81053423.85
2015,2015/11/29,78697254.48
2015,2015/11/30,75506341.79
2015,2015/12/1,78484537.79
2015,2015/12/2,78426677.5
2015,2015/12/3,79580552.46
2015,2015/12/4,79939643.05
2015,2015/12/5,81043754.19
2015,2015/12/6,80130867.75
2015,2015/12/7,77558949.78
2015,2015/12/8,81087154.84
2015,2015/12/9,79428964.77
2015,2015/12/10,77757762.95
2015,2015/12/11,77251506.17
2015,2015/12/12,77729750.06
2015,2015/12/13,75814682.74
2015,2015/12/14,72849429.55
2015,2015/12/15,77096958.05
2015,2015/12/16,77427354.77
2015,2015/12/17,76319081.01
2015,2015/12/18,76708436.57
2015,2015/12/19,76817102.02
2015,2015/12/20,78437510.4
2015,2015/12/21,77286963.18
2015,2015/12/22,82013488.4
2015,2015/12/23,82287292.58
2015,2015/12/24,82536545.43
2015,2015/12/25,82439234.43
2015,2015/12/26,82262158.82
2015,2015/12/27,80157128.33
2015,2015/12/28,77695442.1
2015,2015/12/29,81972773.27
2015,2015/12/30,81452249.57
2015,2015/12/31,80651529.21
2016,2016/1/1,79897544.28
2016,2016/1/2,68070877.44
2016,2016/1/3,70916639.32
2016,2016/1/4,73939719.45
2016,2016/1/5,77459877.2
2016,2016/1/6,79864503.58
2016,2016/1/7,80824221.02
2016,2016/1/8,80767919.44
2016,2016/1/9,81836758.53
2016,2016/1/10,78937051.36
2016,2016/1/11,76432937.02
2016,2016/1/12,79699826.57
2016,2016/1/13,80708116.7
2016,2016/1/14,80869250.17
2016,2016/1/15,79848975.44
2016,2016/1/16,78239122.78
2016,2016/1/17,75665827.96
2016,2016/1/18,73288573.8
2016,2016/1/19,77407720.28
2016,2016/1/20,77955494.51
2016,2016/1/21,77033252.8
2016,2016/1/22,74202043.61
2016,2016/1/23,70404681.87
2016,2016/1/24,67475762.98
2016,2016/1/25,63133479.54
2016,2016/1/26,61847908
2016,2016/1/27,59502072.38
2016,2016/1/28,57238741.85
2016,2016/1/29,53018230.78
2016,2016/1/30,48170213.83
2016,2016/1/31,43130424.45
2016,2016/2/1,37189921.88
2016,2016/2/2,35571004.08
2016,2016/2/3,31261428.61
2016,2016/2/4,27356620.44
2016,2016/2/5,24459738.49
2016,2016/2/6,21108487.49
2016,2016/2/7,18556601.86
2016,2016/2/8,15567574.25
2016,2016/2/9,14836937.38
2016,2016/2/10,14681818.61
2016,2016/2/11,14730682.26
2016,2016/2/12,14838170.35
2016,2016/2/13,15252245.6
2016,2016/2/14,15856039.84
2016,2016/2/15,18628279.95
2016,2016/2/16,22466196.27
2016,2016/2/17,26216827.6
2016,2016/2/18,29596344.94
2016,2016/2/19,33664522.18
2016,2016/2/20,39459364.98
2016,2016/2/21,44082234.18
2016,2016/2/22,47390901
2016,2016/2/23,52996455.72
2016,2016/2/24,58339952.86
2016,2016/2/25,61641699.02
2016,2016/2/26,64736729.9
2016,2016/2/27,66625928.63
2016,2016/2/28,66664525.75
2016,2016/2/29,65928562.12
2016,2016/3/1,71039853.33
2016,2016/3/2,73451427.24
2016,2016/3/3,74445854.05
2016,2016/3/4,74720689.14
2016,2016/3/5,75596357.12
2016,2016/3/6,75482661.27
2016,2016/3/7,74042235.95
2016,2016/3/8,77812445.31
2016,2016/3/9,79755104.14
2016,2016/3/10,82268646.88
2016,2016/3/11,83718029.48
2016,2016/3/12,83386396.24
2016,2016/3/13,81630462.19
2016,2016/3/14,78573166.16
2016,2016/3/15,81769332.82
2016,2016/3/16,82730273.47
2016,2016/3/17,82290426.29
2016,2016/3/18,82744099.11
2016,2016/3/19,82918392.07
2016,2016/3/20,82506103.96
2016,2016/3/21,79802093.98
2016,2016/3/22,83461834.55
2016,2016/3/23,83847293.64
2016,2016/3/24,84423292.37
2016,2016/3/25,86938769.73
2016,2016/3/26,86537042.92
2016,2016/3/27,83839500.03
2016,2016/3/28,80401477.13
2016,2016/3/29,83527936.13
2016,2016/3/30,84596404.28
2016,2016/3/31,85095392.27
2016,2016/4/1,84175314.56
2016,2016/4/2,84371123.43
2016,2016/4/3,82939215.16
2016,2016/4/4,79378085.47
2016,2016/4/5,73369391.36
2016,2016/4/6,81107082.42
2016,2016/4/7,84648371.85
2016,2016/4/8,85553730.67
2016,2016/4/9,85631999.32
2016,2016/4/10,84901829.32
2016,2016/4/11,81686655.57
2016,2016/4/12,84564000.46
2016,2016/4/13,85193231.2
2016,2016/4/14,85904589.11
2016,2016/4/15,86334748.94
2016,2016/4/16,85587472.31
2016,2016/4/17,84834205.43
2016,2016/4/18,81903186.74
2016,2016/4/19,85391654.71
2016,2016/4/20,86011114.35
2016,2016/4/21,86167954.69
2016,2016/4/22,85763534.28
2016,2016/4/23,86138637.26
2016,2016/4/24,85733474.8
2016,2016/4/25,82279240.36
2016,2016/4/26,84989113.87
2016,2016/4/27,85016925.27
2016,2016/4/28,85237915.23
2016,2016/4/29,84646548.04
2016,2016/4/30,84327688.85
2016,2016/5/1,80125602.96
2016,2016/5/2,64358672.55
2016,2016/5/3,69545008.59
2016,2016/5/4,79446249.3
2016,2016/5/5,83254978.83
2016,2016/5/6,84161552.82
2016,2016/5/7,86709140.53
2016,2016/5/8,84364177
2016,2016/5/9,80885841.47
2016,2016/5/10,83404947.83
2016,2016/5/11,84501082.62
2016,2016/5/12,84752529.37
2016,2016/5/13,85664725.85
2016,2016/5/14,85432084.34
2016,2016/5/15,84897969.53
2016,2016/5/16,80285848.3
2016,2016/5/17,83535591.22
2016,2016/5/18,83994185.6
2016,2016/5/19,83845670.53
2016,2016/5/20,84164299.03
2016,2016/5/21,83806153.9
2016,2016/5/22,82185716.78
2016,2016/5/23,78258799.69
2016,2016/5/24,81662495.2
2016,2016/5/25,82247646.01
2016,2016/5/26,83673163.13
2016,2016/5/27,83156746.48
2016,2016/5/28,83898858.94
2016,2016/5/29,82528919.23
2016,2016/5/30,78798415.22
2016,2016/5/31,82480570.92
2016,2016/6/1,84185960.38
2016,2016/6/2,82006611.31
2016,2016/6/3,82159814.03
2016,2016/6/4,82843281.82
2016,2016/6/5,83097200.67
2016,2016/6/6,80856204.53
2016,2016/6/7,84702935.91
2016,2016/6/8,85838558.84
2016,2016/6/9,84205287.84
2016,2016/6/10,66353474.91
2016,2016/6/11,74535276.31
2016,2016/6/12,81556091.11
2016,2016/6/13,82766106.08
2016,2016/6/14,83931552.83
2016,2016/6/15,86443664.26
2016,2016/6/16,87226672.97
2016,2016/6/17,85038286.01
2016,2016/6/18,85992544.63
2016,2016/6/19,85589994.72
2016,2016/6/20,82577442.47
2016,2016/6/21,86166791.08
2016,2016/6/22,87355477.77
2016,2016/6/23,90000453.31
2016,2016/6/24,90475611.08
2016,2016/6/25,91230770.51
2016,2016/6/26,84017140.07
2016,2016/6/27,79039369.64
2016,2016/6/28,84572024.94
2016,2016/6/29,85819012.73
2016,2016/6/30,83841590.2
2016,2016/7/1,87271977.19
2016,2016/7/2,88482248.38
2016,2016/7/3,87884330.65
2016,2016/7/4,83687546.1
2016,2016/7/5,88454772.6
2016,2016/7/6,89207234.03
2016,2016/7/7,90971807.6
2016,2016/7/8,90440680.03
2016,2016/7/9,90425516.8
2016,2016/7/10,88324091.96
2016,2016/7/11,83196841.64
2016,2016/7/12,88548826.25
2016,2016/7/13,90555359.02
2016,2016/7/14,91920159.6
2016,2016/7/15,91840055.75
2016,2016/7/16,92151901.65
2016,2016/7/17,88242749.33
2016,2016/7/18,85439406.87
2016,2016/7/19,90202823.14
2016,2016/7/20,91479479.99
2016,2016/7/21,92302473.93
2016,2016/7/22,93360224.15
2016,2016/7/23,94083435.36
2016,2016/7/24,92347807.66
2016,2016/7/25,88003940.22
2016,2016/7/26,92794134.39
2016,2016/7/27,93604999.29
2016,2016/7/28,93368382.06
2016,2016/7/29,94367191.66
2016,2016/7/30,93603600.72
2016,2016/7/31,91255105.39
2016,2016/8/1,86167363.29
2016,2016/8/2,91351421.55
2016,2016/8/3,93188355.6
2016,2016/8/4,91770906.94
2016,2016/8/5,93561465.9
2016,2016/8/6,94975142.03
2016,2016/8/7,93502750.73
2016,2016/8/8,89813758.06
2016,2016/8/9,93638573.88
2016,2016/8/10,93816555.99
2016,2016/8/11,94642616.37
2016,2016/8/12,95532776.69
2016,2016/8/13,96774696.1
2016,2016/8/14,95298712.97
2016,2016/8/15,91457649.93
2016,2016/8/16,95957154.53
2016,2016/8/17,96363373.98
2016,2016/8/18,96190455.49
2016,2016/8/19,95200180.02
2016,2016/8/20,94569603.7
2016,2016/8/21,91534633.57
2016,2016/8/22,85953682.56
2016,2016/8/23,86872048.42
2016,2016/8/24,78552449.42
2016,2016/8/25,57355443.36
2016,2016/8/26,52387988.58
2016,2016/8/27,49183786.58
2016,2016/8/28,43224225.12
2016,2016/8/29,37847249.99
2016,2016/8/30,37968149.39
2016,2016/8/31,36532633.14
2016,2016/9/1,33326342.11
2016,2016/9/2,30884768.09
2016,2016/9/3,30858002.15
2016,2016/9/4,29365686.06
2016,2016/9/5,26617298.77
2016,2016/9/6,29701567.76
2016,2016/9/7,32792293.33
2016,2016/9/8,48794220.01
2016,2016/9/9,63429382.84
2016,2016/9/10,73514949.02
2016,2016/9/11,78997945.86
2016,2016/9/12,79116934.98
2016,2016/9/13,83032763.68
2016,2016/9/14,85270977.15
2016,2016/9/15,85248063.08
2016,2016/9/16,75628509.32
2016,2016/9/17,81099792.44
2016,2016/9/18,83844533.28
2016,2016/9/19,83865387.04
2016,2016/9/20,85118232.46
2016,2016/9/21,86058867.46
2016,2016/9/22,86506161.92
2016,2016/9/23,87960488.04
2016,2016/9/24,89180069.19
2016,2016/9/25,89129732.45
2016,2016/9/26,87317526.76
2016,2016/9/27,89657387.86
2016,2016/9/28,91199879.57
2016,2016/9/29,91576586.76
2016,2016/9/30,89196752.05
2016,2016/10/1,86947973.18
2016,2016/10/2,77229039.58
2016,2016/10/3,78634974.05
2016,2016/10/4,84378750.6
2016,2016/10/5,88632153.33
2016,2016/10/6,91560704.35
2016,2016/10/7,93272075.97
2016,2016/10/8,93579204.03
2016,2016/10/9,85656514.64
2016,2016/10/10,83360305.16
2016,2016/10/11,85252113.06
2016,2016/10/12,86436351.73
2016,2016/10/13,86795623.61
2016,2016/10/14,87373468.43
2016,2016/10/15,88143226.92
2016,2016/10/16,87271394.62
2016,2016/10/17,83978417.73
2016,2016/10/18,86936366.09
2016,2016/10/19,87405320.13
2016,2016/10/20,87671085.46
2016,2016/10/21,87648728.96
2016,2016/10/22,88226138.3
2016,2016/10/23,87354242.79
2016,2016/10/24,83966088.16
2016,2016/10/25,86354615.65
2016,2016/10/26,85773537.3
2016,2016/10/27,86583526.32
2016,2016/10/28,85852508.51
2016,2016/10/29,86795359.84
2016,2016/10/30,85885648.32
2016,2016/10/31,82719966.88
2016,2016/11/1,85072251.11
2016,2016/11/2,85848753.01
2016,2016/11/3,86987954.84
2016,2016/11/4,87437800.48
2016,2016/11/5,87102590.05
2016,2016/11/6,85813894.84
2016,2016/11/7,82651351.4
2016,2016/11/8,86232558.35
2016,2016/11/9,87531325.76
2016,2016/11/10,88294949.91
2016,2016/11/11,88224809.55
2016,2016/11/12,87702212.73
2016,2016/11/13,86785318.3
2016,2016/11/14,84136170.85
2016,2016/11/15,86717959.59
2016,2016/11/16,92251737.07
2016,2016/11/17,88011031.54
2016,2016/11/18,86942276.86
2016,2016/11/19,87155072.39
2016,2016/11/20,86286712.99
2016,2016/11/21,83461898.81
2016,2016/11/22,86155524.66
2016,2016/11/23,87723807.8
2016,2016/11/24,89471055.89
2016,2016/11/25,90194050.46
2016,2016/11/26,91094562.03
2016,2016/11/27,87011782.72
2016,2016/11/28,83147605
2016,2016/11/29,86409233.9
2016,2016/11/30,87131106.34
2016,2016/12/1,86203838.24
2016,2016/12/2,86061471.7
2016,2016/12/3,87334809.09
2016,2016/12/4,86333973.73
2016,2016/12/5,83030505.49
2016,2016/12/6,85643528.16
2016,2016/12/7,85686529.61
2016,2016/12/8,86077240.1
2016,2016/12/9,86727629.75
2016,2016/12/10,87540537.36
2016,2016/12/11,86712674.46
2016,2016/12/12,83492690.26
2016,2016/12/13,86044626.35
2016,2016/12/14,88003577.63
2016,2016/12/15,89889868.02
2016,2016/12/16,89949701.77
2016,2016/12/17,90234850.98
2016,2016/12/18,88875731.63
2016,2016/12/19,85623169.06
2016,2016/12/20,87783482.84
2016,2016/12/21,88875803.83
2016,2016/12/22,87838825.18
2016,2016/12/23,88705675.48
2016,2016/12/24,89224160.46
2016,2016/12/25,88612825.77
2016,2016/12/26,85518601.93
2016,2016/12/27,88692425.65
2016,2016/12/28,90688663.26
2016,2016/12/29,90880382.34
2016,2016/12/30,91112870.59
2016,2016/12/31,90365436.43
2017,2017/1/1,86613675.04
2017,2017/1/2,77161713.23
2017,2017/1/3,82167540.97
2017,2017/1/4,86256833.25
2017,2017/1/5,86547925.25
2017,2017/1/6,86593861.81
2017,2017/1/7,86371707.1
2017,2017/1/8,84042744.67
2017,2017/1/9,81977348.58
2017,2017/1/10,84697957.37
2017,2017/1/11,84866214.62
2017,2017/1/12,84156636.76
2017,2017/1/13,82809410.53
2017,2017/1/14,78338826.46
2017,2017/1/15,75337894.68
2017,2017/1/16,69180403.39
2017,2017/1/17,65676461.96
2017,2017/1/18,59599802.28
2017,2017/1/19,53096126.56
2017,2017/1/20,48183419.59
2017,2017/1/21,43185704.31
2017,2017/1/22,36912707.65
2017,2017/1/23,33731883.48
2017,2017/1/24,30807791.54
2017,2017/1/25,27325324.81
2017,2017/1/26,24012365.38
2017,2017/1/27,21275850.51
2017,2017/1/28,18526031.23
2017,2017/1/29,18010435.84
2017,2017/1/30,17871765.41
2017,2017/1/31,18916994.83
2017,2017/2/1,19868603.06
2017,2017/2/2,20598864.54
2017,2017/2/3,21419997.64
2017,2017/2/4,23982372.57
2017,2017/2/5,27893198.05
2017,2017/2/6,31180924.48
2017,2017/2/7,37261798.32
2017,2017/2/8,43045482.79
2017,2017/2/9,50825922.29
2017,2017/2/10,57526169.6
2017,2017/2/11,61493909.19
2017,2017/2/12,62686389.93
2017,2017/2/13,63832114.33
2017,2017/2/14,69849189.8
2017,2017/2/15,72807468.09
2017,2017/2/16,74542940.43
2017,2017/2/17,76410338.03
2017,2017/2/18,78965196.14
2017,2017/2/19,80897745.03
2017,2017/2/20,78181753.15
2017,2017/2/21,82328657.47
2017,2017/2/22,85337169.73
2017,2017/2/23,87637752.85
2017,2017/2/24,89788617.81
2017,2017/2/25,89159244.22
2017,2017/2/26,87556445.92
2017,2017/2/27,84823325.44
2017,2017/2/28,88167162.55
2017,2017/3/1,87759300.72
2017,2017/3/2,87445808.97
2017,2017/3/3,89365923.34
2017,2017/3/4,89932021.12
2017,2017/3/5,88918048.55
2017,2017/3/6,86619032.72
2017,2017/3/7,90454443.9
2017,2017/3/8,91205089.2
2017,2017/3/9,91158760.93
2017,2017/3/10,90964879.42
2017,2017/3/11,91093218.02
2017,2017/3/12,90812634.6
2017,2017/3/13,87927743.6
2017,2017/3/14,91711737.73
2017,2017/3/15,91868539.48
2017,2017/3/16,92225560.24
2017,2017/3/17,92661939.68
2017,2017/3/18,92233995.02
2017,2017/3/19,91389095.08
2017,2017/3/20,88520666.01
2017,2017/3/21,91291227.06
2017,2017/3/22,91510624.89
2017,2017/3/23,92720768.72
2017,2017/3/24,92266559.28
2017,2017/3/25,92795064.79
2017,2017/3/26,90704265.74
2017,2017/3/27,86590431.74
2017,2017/3/28,89959160.9
2017,2017/3/29,90122196.31
2017,2017/3/30,89503015.14
2017,2017/3/31,90817214.3
2017,2017/4/1,91078511.07
2017,2017/4/2,89591770.51
2017,2017/4/3,86219265.74
2017,2017/4/4,83853121.6
2017,2017/4/5,76807095.18
2017,2017/4/6,85100710.69
2017,2017/4/7,89048812.21
2017,2017/4/8,89986828.92
2017,2017/4/9,90438121.06
2017,2017/4/10,88196073.42
2017,2017/4/11,89970263.55
2017,2017/4/12,90734708.69
2017,2017/4/13,90359060.15
2017,2017/4/14,90696574.11
2017,2017/4/15,91253315.3
2017,2017/4/16,90299838.56
2017,2017/4/17,87445531.63
2017,2017/4/18,90312365.39
2017,2017/4/19,91061546.23
2017,2017/4/20,90555354.96
2017,2017/4/21,91653616.6
2017,2017/4/22,92271928.57
2017,2017/4/23,91060522.24
2017,2017/4/24,88568407.89
2017,2017/4/25,90937377.52
2017,2017/4/26,91308716.17
2017,2017/4/27,91773610.95
2017,2017/4/28,91626881.49
2017,2017/4/29,90952552.29
2017,2017/4/30,89382085.4
2017,2017/5/1,81644439.81
2017,2017/5/2,68405064.75
2017,2017/5/3,80597211.25
2017,2017/5/4,88877245.21
2017,2017/5/5,90296596.16
2017,2017/5/6,91478254.08
2017,2017/5/7,91720163.7
2017,2017/5/8,89427208.42
2017,2017/5/9,91150444.03
2017,2017/5/10,91799597.78
2017,2017/5/11,92302030.18
2017,2017/5/12,93663798.86
2017,2017/5/13,93053788.47
2017,2017/5/14,92575512.45
2017,2017/5/15,89869676.42
2017,2017/5/16,91922622.9
2017,2017/5/17,92527438.69
2017,2017/5/18,93150078.4
2017,2017/5/19,93685269.47
2017,2017/5/20,93823191.39
2017,2017/5/21,93968831.01
2017,2017/5/22,91013001.29
2017,2017/5/23,94370907.09
2017,2017/5/24,94333042.45
2017,2017/5/25,93224777.59
2017,2017/5/26,93542836.7
2017,2017/5/27,94051353.53
2017,2017/5/28,94382613.1
2017,2017/5/29,92388133.61
2017,2017/5/30,89070548.62
2017,2017/5/31,75219306.27
2017,2017/6/1,88043517.35
2017,2017/6/2,92126853.84
2017,2017/6/3,93619845.07
2017,2017/6/4,93150596.14
2017,2017/6/5,89028468.51
2017,2017/6/6,89832262.39
2017,2017/6/7,92225018.76
2017,2017/6/8,94051689.1
2017,2017/6/9,96105198.04
2017,2017/6/10,95789929.86
2017,2017/6/11,95697752.11
2017,2017/6/12,90693741.07
2017,2017/6/13,91312575.52
2017,2017/6/14,92292573.34
2017,2017/6/15,92240460.98
2017,2017/6/16,92969957.97
2017,2017/6/17,93283797.43
2017,2017/6/18,93072654.92
2017,2017/6/19,90474075.67
2017,2017/6/20,94159446.74
2017,2017/6/21,95208503.43
2017,2017/6/22,95327093.7
2017,2017/6/23,95683436.37
2017,2017/6/24,96970955.06
2017,2017/6/25,94864242.01
2017,2017/6/26,90217901.18
2017,2017/6/27,93263668.32
2017,2017/6/28,94262608.66
2017,2017/6/29,94088151.26
2017,2017/6/30,94323017.79
2017,2017/7/1,94125394.14
2017,2017/7/2,93056840.55
2017,2017/7/3,92058502.2
2017,2017/7/4,97667521.88
2017,2017/7/5,98640747.1
2017,2017/7/6,99622312.04
2017,2017/7/7,100134669.6
2017,2017/7/8,101407221.8
2017,2017/7/9,100625788.4
2017,2017/7/10,95940395.92
2017,2017/7/11,99661520.96
2017,2017/7/12,101127638
2017,2017/7/13,102994308.6
2017,2017/7/14,103374990.6
2017,2017/7/15,103545307
2017,2017/7/16,101260947.2
2017,2017/7/17,95904970.22
2017,2017/7/18,101711825.9
2017,2017/7/19,103268622.2
2017,2017/7/20,103130415.6
2017,2017/7/21,103291597.8
2017,2017/7/22,103824252.6
2017,2017/7/23,101776563.9
2017,2017/7/24,95526997.9
2017,2017/7/25,101579589
2017,2017/7/26,103265547.4
2017,2017/7/27,103571613.7
2017,2017/7/28,103450833.8
2017,2017/7/29,102685867.5
2017,2017/7/30,99948514.91
2017,2017/7/31,93700326.05
2017,2017/8/1,99091201.62
2017,2017/8/2,98481330.66
2017,2017/8/3,100440425.4
2017,2017/8/4,101512032.3
2017,2017/8/5,102126899.4
2017,2017/8/6,99525670.48
2017,2017/8/7,94796736.41
2017,2017/8/8,101358051.7
2017,2017/8/9,102093813.8
2017,2017/8/10,100653276.4
2017,2017/8/11,100381884.8
2017,2017/8/12,101321517.8
2017,2017/8/13,98185663.62
2017,2017/8/14,94124573.2
2017,2017/8/15,98775168.08
2017,2017/8/16,99188784.81
2017,2017/8/17,98862652.09
2017,2017/8/18,97593746.53
2017,2017/8/19,96221063.54
2017,2017/8/20,96819329.9
2017,2017/8/21,91107430.43
2017,2017/8/22,94364331.07
2017,2017/8/23,93991678.35
2017,2017/8/24,93966038.43
2017,2017/8/25,93185716.21
2017,2017/8/26,93316664.96
2017,2017/8/27,88391824.17
2017,2017/8/28,84891631.55
2017,2017/8/29,88896096.82
2017,2017/8/30,88265970.89
2017,2017/8/31,85784497.81
2017,2017/9/1,82767200.44
2017,2017/9/2,85062925.48
2017,2017/9/3,86680673.39
2017,2017/9/4,85267348.21
2017,2017/9/5,90647833.97
2017,2017/9/6,94968874.41
2017,2017/9/7,96194162.03
2017,2017/9/8,92668068.88
2017,2017/9/9,92125342.64
2017,2017/9/10,91619091.54
2017,2017/9/11,89739344.73
2017,2017/9/12,93060457.81
2017,2017/9/13,91236843.63
2017,2017/9/14,94794690.74
2017,2017/9/15,94573953.14
2017,2017/9/16,93759373.87
2017,2017/9/17,93387513.38
2017,2017/9/18,91008784.41
2017,2017/9/19,95689612.33
2017,2017/9/20,98369826.4
2017,2017/9/21,97496133
2017,2017/9/22,96387733.38
2017,2017/9/23,97552141.76
2017,2017/9/24,96335454.91
2017,2017/9/25,94979951.64
2017,2017/9/26,100053285.7
2017,2017/9/27,105001810.5
2017,2017/9/28,102567624.2
2017,2017/9/29,96787558.74
2017,2017/9/30,95295080.52
2017,2017/10/1,93740666.98
2017,2017/10/2,77296197.41
2017,2017/10/3,77849551.75
2017,2017/10/4,79296007.16
2017,2017/10/5,73435217.23
2017,2017/10/6,83468675.59
2017,2017/10/7,90770418.29
2017,2017/10/8,93262287.94
2017,2017/10/9,93501824.35
2017,2017/10/10,96615331.66
2017,2017/10/11,99024864.81
2017,2017/10/12,96399847.46
2017,2017/10/13,95572978.77
2017,2017/10/14,95623475.32
2017,2017/10/15,95157549.96
2017,2017/10/16,91649309.78
2017,2017/10/17,94418586.55
2017,2017/10/18,96862621.1
2017,2017/10/19,95673002.53
2017,2017/10/20,95759796.5
2017,2017/10/21,95752069.53
2017,2017/10/22,95125149.43
2017,2017/10/23,91859170.98
2017,2017/10/24,94919530.99
2017,2017/10/25,95701560.96
2017,2017/10/26,96154822.95
2017,2017/10/27,95747683.37
2017,2017/10/28,95918795.01
2017,2017/10/29,94131638.54
2017,2017/10/30,91838010.69
2017,2017/10/31,94021778.03
2017,2017/11/1,94214633.06
2017,2017/11/2,93710649.12
2017,2017/11/3,94780686.28
2017,2017/11/4,95697479.48
2017,2017/11/5,95140984.04
2017,2017/11/6,92356712.37
2017,2017/11/7,95859389.03
2017,2017/11/8,96262335.72
2017,2017/11/9,95779889.59
2017,2017/11/10,95758720.01
2017,2017/11/11,95896086.98
2017,2017/11/12,94720723.27
2017,2017/11/13,91887154.93
2017,2017/11/14,94290592.96
2017,2017/11/15,95252383.89
2017,2017/11/16,94941862.55
2017,2017/11/17,94810322.12
2017,2017/11/18,95123354.57
2017,2017/11/19,95031494.82
2017,2017/11/20,92384618.51
2017,2017/11/21,96093554.66
2017,2017/11/22,97266703.83
2017,2017/11/23,96965891.31
2017,2017/11/24,95718788.73
2017,2017/11/25,96203897.58
2017,2017/11/26,95117926.61
2017,2017/11/27,91136794.43
2017,2017/11/28,94135374.97
2017,2017/11/29,93879485.49
2017,2017/11/30,94474749.1
2017,2017/12/1,95265402.56
2017,2017/12/2,95515361.51
2017,2017/12/3,93837691.05
2017,2017/12/4,89648359.14
2017,2017/12/5,94906656.29
2017,2017/12/6,96467573.31
2017,2017/12/7,97104280.86
2017,2017/12/8,97442409.49
2017,2017/12/9,98495963.44
2017,2017/12/10,97226800.88
2017,2017/12/11,92220835.48
2017,2017/12/12,95914831.4
2017,2017/12/13,96227973.59
2017,2017/12/14,96595387.56
2017,2017/12/15,99573673.51
2017,2017/12/16,97271839.94
2017,2017/12/17,97124110.44
2017,2017/12/18,93913751.9
2017,2017/12/19,97493665.53
2017,2017/12/20,99277504.22
2017,2017/12/21,99407824.3
2017,2017/12/22,99222611.6
2017,2017/12/23,98151663.71
2017,2017/12/24,96314969.73
2017,2017/12/25,92477641.78
2017,2017/12/26,97137582.47
2017,2017/12/27,97876899.28
2017,2017/12/28,97973071.02
2017,2017/12/29,97210726.02
2017,2017/12/30,96199608.61
2017,2017/12/31,85922842.41
2018,2018/1/1,83435884.78
2018,2018/1/2,75242653.53
2018,2018/1/3,84349500.75
2018,2018/1/4,88862663.05
2018,2018/1/5,90680546.45
2018,2018/1/6,92318005.32
2018,2018/1/7,91145620.8
2018,2018/1/8,87776302.5
2018,2018/1/9,93079700.59
2018,2018/1/10,92940537.16
2018,2018/1/11,93457538.91
2018,2018/1/12,93905316.93
2018,2018/1/13,95045270.23
2018,2018/1/14,93475694.05
2018,2018/1/15,81515752.85
2018,2018/1/16,83887033.44
2018,2018/1/17,94429081.35
2018,2018/1/18,95330442.76
2018,2018/1/19,95991954.95
2018,2018/1/20,95417155.47
2018,2018/1/21,93729669.37
2018,2018/1/22,90746546.7
2018,2018/1/23,93354690.73
2018,2018/1/24,95236453.75
2018,2018/1/25,96689593.42
2018,2018/1/26,96460659.08
2018,2018/1/27,94641429.93
2018,2018/1/28,91825389.81
2018,2018/1/29,86833550.29
2018,2018/1/30,90006963.79
2018,2018/1/31,88302759.65
2018,2018/2/1,85999467.74
2018,2018/2/2,80488317.83
2018,2018/2/3,76819088.69
2018,2018/2/4,71172804.85
2018,2018/2/5,63539592.28
2018,2018/2/6,59636975.78
2018,2018/2/7,54072679.95
2018,2018/2/8,48527820.76
2018,2018/2/9,44126833.76
2018,2018/2/10,40594885.97
2018,2018/2/11,35617169.35
2018,2018/2/12,32593746.27
2018,2018/2/13,29712629.88
2018,2018/2/14,26965554.46
2018,2018/2/15,22641624.08
2018,2018/2/16,20578510.04
2018,2018/2/17,20081169.02
2018,2018/2/18,20700581.45
2018,2018/2/19,20719859.51
2018,2018/2/20,21694266.03
2018,2018/2/21,22876790.44
2018,2018/2/22,24240089.99
2018,2018/2/23,26869153.26
2018,2018/2/24,30833739
2018,2018/2/25,34842927.07
2018,2018/2/26,38134756.21
2018,2018/2/27,44651378.67
2018,2018/2/28,48552422.41
2018,2018/3/1,52716525.37
2018,2018/3/2,57368826.56
2018,2018/3/3,62338709.52
2018,2018/3/4,64890266.65
2018,2018/3/5,66407148.81
2018,2018/3/6,73781009.24
2018,2018/3/7,77951315.05
2018,2018/3/8,81393537.9
2018,2018/3/9,83882465.52
2018,2018/3/10,85418779.26
2018,2018/3/11,85474964.5
2018,2018/3/12,83289606.28
2018,2018/3/13,86671255.28
2018,2018/3/14,87193112.1
2018,2018/3/15,87931487.25
2018,2018/3/16,88546989.32
2018,2018/3/17,91312577.48
2018,2018/3/18,90605973.23
2018,2018/3/19,88278300.52
2018,2018/3/20,92620049.36
2018,2018/3/21,94787397.38
2018,2018/3/22,95858439.94
2018,2018/3/23,94655338.07
2018,2018/3/24,93554355.27
2018,2018/3/25,92342704.6
2018,2018/3/26,89845152.52
2018,2018/3/27,92848022.22
2018,2018/3/28,92599270.85
2018,2018/3/29,92575331.27
2018,2018/3/30,92680397.4
2018,2018/3/31,92788653.19
2018,2018/4/1,90647116.18
2018,2018/4/2,87975290.11
2018,2018/4/3,92508007.39
2018,2018/4/4,93582205.21
2018,2018/4/5,92253436.14
2018,2018/4/6,83981357.63
2018,2018/4/7,89394851.5
2018,2018/4/8,92336358
2018,2018/4/9,92700162.24
2018,2018/4/10,93458717.28
2018,2018/4/11,93554274.61
2018,2018/4/12,94288158.78
2018,2018/4/13,94815200.39
2018,2018/4/14,95011710.42
2018,2018/4/15,94352688.45
2018,2018/4/16,91221087.33
2018,2018/4/17,94263768.78
2018,2018/4/18,96729562.15
2018,2018/4/19,96463404.53
2018,2018/4/20,97034433.33
2018,2018/4/21,97154864.9
2018,2018/4/22,96639738.34
2018,2018/4/23,94310782.64
2018,2018/4/24,96527299.03
2018,2018/4/25,96968065.89
2018,2018/4/26,96888600.65
2018,2018/4/27,97034120.77
2018,2018/4/28,97197807.87
2018,2018/4/29,97081312.52
2018,2018/4/30,95273331.98
2018,2018/5/1,90154298.07
2018,2018/5/2,84688793.39
2018,2018/5/3,89338356.31
2018,2018/5/4,94992390.41
2018,2018/5/5,96875686.54
2018,2018/5/6,95899478.39
2018,2018/5/7,94989980.47
2018,2018/5/8,97459813.86
2018,2018/5/9,97054113.59
2018,2018/5/10,97649627.1
2018,2018/5/11,96905645.92
2018,2018/5/12,97140877.45
2018,2018/5/13,98141278.55
2018,2018/5/14,95170703.25
2018,2018/5/15,100887688.2
2018,2018/5/16,105417390.2
2018,2018/5/17,106975790.1
2018,2018/5/18,108184100.3
2018,2018/5/19,108036504.8
2018,2018/5/20,102216143.6
2018,2018/5/21,96970940.17
2018,2018/5/22,99051715.1
2018,2018/5/23,101216980.2
2018,2018/5/24,99280262.49
2018,2018/5/25,100195398
2018,2018/5/26,102266521.4
2018,2018/5/27,99635208.09
2018,2018/5/28,96060073.5
2018,2018/5/29,99894943.52
2018,2018/5/30,100149730.1
2018,2018/5/31,100091205.6
2018,2018/6/1,96299034.57
2018,2018/6/2,96136765.05
2018,2018/6/3,95465605.11
2018,2018/6/4,93431441.69
2018,2018/6/5,97528122.69
2018,2018/6/6,97745085.43
2018,2018/6/7,99377793.1
2018,2018/6/8,101185970.9
2018,2018/6/9,101280217.7
2018,2018/6/10,99653456.14
2018,2018/6/11,93946550.21
2018,2018/6/12,97954530.37
2018,2018/6/13,100216064
2018,2018/6/14,101517677.1
2018,2018/6/15,102056897.6
2018,2018/6/16,102439447.4
2018,2018/6/17,99241043.07
2018,2018/6/18,94034782.25
2018,2018/6/19,80009805.29
2018,2018/6/20,96643912.07
2018,2018/6/21,99412992.56
2018,2018/6/22,99351006.69
2018,2018/6/23,98351999.07
2018,2018/6/24,96072817.98
2018,2018/6/25,95648202.47
2018,2018/6/26,103271582.4
2018,2018/6/27,105455552.9
2018,2018/6/28,106286407.8
2018,2018/6/29,105431147
2018,2018/6/30,103301125.3
2018,2018/7/1,99014417.42
2018,2018/7/2,93633888.99
2018,2018/7/3,100918717.6
2018,2018/7/4,101672110.9
2018,2018/7/5,102628302.8
2018,2018/7/6,102430050.9
2018,2018/7/7,102255523.6
2018,2018/7/8,101458853.9
2018,2018/7/9,98526403.55
2018,2018/7/10,104058066.9
2018,2018/7/11,104337681.4
2018,2018/7/12,102741753.9
2018,2018/7/13,103898064.9
2018,2018/7/14,104545480.6
2018,2018/7/15,102551780
2018,2018/7/16,97049596.17
2018,2018/7/17,102286927.5
2018,2018/7/18,104112231
2018,2018/7/19,103156387.2
2018,2018/7/20,102864916
2018,2018/7/21,103076303.4
2018,2018/7/22,101111494.3
2018,2018/7/23,93701053.41
2018,2018/7/24,100768314.9
2018,2018/7/25,102184190.9
2018,2018/7/26,103691578.2
2018,2018/7/27,102908478
2018,2018/7/28,102617916.2
2018,2018/7/29,101675402
2018,2018/7/30,97446128.32
2018,2018/7/31,101988301.5
2018,2018/8/1,101656523.1
2018,2018/8/2,101873070
2018,2018/8/3,104663409.2
2018,2018/8/4,103037931.9
2018,2018/8/5,100057740.1
2018,2018/8/6,96742206.94
2018,2018/8/7,102522559.8
2018,2018/8/8,104061950.4
2018,2018/8/9,104340852.6
2018,2018/8/10,104147104.3
2018,2018/8/11,103769051.4
2018,2018/8/12,101759296.1
2018,2018/8/13,94977914.11
2018,2018/8/14,101025646.3
2018,2018/8/15,103475778.6
2018,2018/8/16,103174292.8
2018,2018/8/17,101407939.8
2018,2018/8/18,99651300.98
2018,2018/8/19,99735860.85
2018,2018/8/20,95495456.82
2018,2018/8/21,101613918.6
2018,2018/8/22,0
2018,2018/8/23,0